{
  "version": 2,
  "cmakeMinimumRequired": {
    "major": 3,
    "minor": 20,
    "patch": 0
  },
  "configurePresets": [
    {
      "name": "default",
      "description": "Build configuration using Ninja Multi-config",
      "generator": "Ninja Multi-Config",
      "binaryDir": "${sourceDir}/out/default",
      "cacheVariables": {
        "CMAKE_EXPORT_COMPILE_COMMANDS": "ON"
      }
    },
    {
      "name": "ninja-clang",
      "description": "Build configuration using Ninja Multi-config / clang",
      "inherits": "default",
      "binaryDir": "${sourceDir}/out/clang",
      "cacheVariables": {
        "CMAKE_C_COMPILER": "clang",
        "CMAKE_CXX_COMPILER": "clang++"
      }
    },
    {
      "name": "ninja-ubsan",
      "description": "UBSan build configuration using Ninja Multi-config",
      "inherits": "default",
      "binaryDir": "${sourceDir}/out/ubsan",
      "cacheVariables": {
        "CMAKE_CXX_FLAGS": "-fsanitize=undefined"
      }
    },
    {
      "name": "ninja-asan",
      "description": "ASan build configuration using Ninja Multi-config",
      "inherits": "ninja-ubsan",
      "binaryDir": "${sourceDir}/out/asan",
      "cacheVariables": {
        "CMAKE_CXX_FLAGS": "-fsanitize=address -O1"
      }
    },
    {
      "name": "ninja-tsan",
      "inherits": "ninja-ubsan",
      "description": "TSan build configuration using Ninja Multi-config",
      "binaryDir": "${sourceDir}/out/tsan",
      "cacheVariables": {
        "CMAKE_CXX_FLAGS": "-fsanitize=thread -O1"
      }
    },
    {
      "name": "vs22",
      "description": "Build configuration using Visual Studio 17 (2022)",
      "generator": "Visual Studio 17 2022",
      "binaryDir": "${sourceDir}/out/vs",
      "architecture": {
        "value": "x64",
        "strategy": "external"
      }
    }
  ],
  "buildPresets": [
    {
      "name": "Debug",
      "configurePreset": "default",
      "configuration": "Debug"
    },
    {
      "name": "Release",
      "configurePreset": "default",
      "configuration": "Release"
    },
    {
      "name": "RelWithDebInfo",
      "configurePreset": "default",
      "configuration": "RelWithDebInfo"
    },
    {
      "name": "UBSan-Debug",
      "configurePreset": "ninja-ubsan",
      "configuration": "Debug"
    },
    {
      "name": "ASan-Debug",
      "configurePreset": "ninja-asan",
      "configuration": "Debug"
    }
  ],
  "testPresets": [
    {
      "name": "Debug",
      "configurePreset": "default",
      "configuration": "Debug"
    },
    {
      "name": "Release",
      "configurePreset": "default",
      "configuration": "Release"
    },
    {
      "name": "RelWithDebInfo",
      "configurePreset": "default",
      "configuration": "RelWithDebInfo"
    },
    {
      "name": "UBSan Debug",
      "configurePreset": "ninja-ubsan",
      "configuration": "Debug"
    },
    {
      "name": "ASan Debug",
      "configurePreset": "ninja-asan",
      "configuration": "Debug"
    }
  ]
}